id;active;name;description;short_description;meta_title;meta_keywords;meta_description;image_url
7;1;"MOTOKIT COMERCIAL";;;;;;
8;1;"ALL IN CONCEPT DISTRIBUTION S.L.";;;;;;
9;1;"Basoli Sabadell, SA";;;;;;
10;1;"BLAUDE ELECTRONICS S.L.U";;;;;;
11;1;"CAMIMPRESS CIAL., S.L., S.L.U.";;;;;;
12;1;"CELLULAR IBERIA S.L.";;;;;;
13;1;CEM;;;;;;
14;1;"CORVER S.A.";;;;;;
15;1;DEGEND;;;;;;
17;1;"GIVI CONCESSIONAIRES IBERICA S.L.";;;;;;
18;1;"GM2 DISTRIBUCION DE ARTICULOS DE MOTOR S.L.";;;;;;
19;1;"HESPERIA INTERNACIONAL S.L.";;;;;;
20;1;"5 HIGH PERFORMANCE S.L.";;;;;;
21;1;Garibaldi;;;;;;
22;1;"LUMA P.B.M., S.L.";;;;;;
23;1;"MT HELMETS";;;;;;
24;1;"MARSIMOTO S.A.";;;;;;
25;1;HEBO;;;;;;
26;1;MONTELO;;;;;;
27;1;MOTING;;;;;;
28;1;"MOTOCARD BIKE S.L.";;;;;;
29;1;"MOTUL IBERICAL S.L.";;;;;;
30;1;"COMERCIAL MOTORMARKET S.A.";;;;;;
31;1;"NZI HELMETS";;;;;;
32;1;"ON BOARD MOTO S.L.";;;;;;
33;1;PUIG;;;;;;
34;1;RAINERS;;;;;;
35;1;"SET VALLES GLOBAL LABELLING SOLUTIONS S.L.";;;;;;
36;1;SHAD;;;;;;
37;1;SOL'S;;;;;;
38;1;"OUTLET MOTO";;;;;;
39;1;"TRANSMISSION GRAND PRIX ";;;;;;
40;1;"LS2 Helmets TDT";;;;;;
41;1;"TORINO ACCESORIOS MOTO S.A.";;;;;;
42;1;"UNIK RACING S.L.";;;;;;
43;1;"ZONA CERO S.A.";;;;;;
53;1;"RAJAPACK S.A.";;;;;;
57;1;"HJC EUROPE";;;;;;
58;1;MRD;;;;;;
59;1;"ON BRAIN";;;;;;
60;1;"ALPINESTARS S.P.A.";;;;;;
61;1;"PROJECT S.R.L.";;;;;;
62;1;"AXO SPORT S.P.A";;;;;;
63;1;"EUROPA MOTOSPORTS SAS";;;;;;
64;1;"ACERBIS ITALIA SPA";;;;;;
65;1;"SUOMY S.P.A";;;;;;
72;1;"ABUS ";;;;;;
76;1;"DYNAMIC LINE IMPORT S.L.";;;;;;
77;1;"JETS MARIVENT PARTS S.L.";;;;;;
79;1;"PARTS EUROPE";;;;;;
83;1;QUARTERMILE;;;;;;
87;1;"SCORPION EXO";;;;;;
88;1;"TUCANO URBANO S.R.L.";;;;;;
90;1;SHIRO;;;;;;
94;1;"ZONA 3 MASTER'S S.L.";;;;;;
95;1;TROPHY;;;;;;
98;1;"BERYCA SPORT S.L.";;;;;;
102;1;"BANDIT HELMETS GMBH";;;;;;
104;1;"ASTONE HELMETS";;;;;;
106;1;interno;;;;;;
110;1;NEUMATICOS;;;;;;
114;1;"SHARK HELMETS";;;;;;
118;1;POIEXISS;;;;;;
119;1;DBIKE;;;;;;
120;1;"CAFE RACER VALLES";;;;;;
121;1;"CASCOS CLIMAX";;;;;;
122;1;AIROH;;;;;;
123;1;Airoh;;;;;;
124;1;MAX;;;;;;
126;1;"UNLIMITED MOTO";;;;;;
127;1;"OLTREMOTO ";;;;;;
129;1;"Momo  Jose Cortes";;;;;;
130;1;LIGHTECH;;;;;;
133;1;"AIXTREAM Group";;;;;;
134;1;DGRAFIK;;;;;;
135;1;SUMBA;;;;;;
136;1;Kodi;;;;;;
138;1;Servio;;;;;;
139;1;Carles;;;;;;
140;1;"NEXX HELMETS";;;;;;
141;1;Sergi;;;;;;
142;1;Pedro;;;;;;
143;1;Carlos;;;;;;
144;1;Contable;;;;;;
145;1;Dani;;;;;;
146;1;Ramon;;;;;;
147;1;"Pegatinas JR";;;;;;
148;1;Informatico;;;;;;
151;1;"GIANNI FALCO";;;;;;
153;1;Crimar;;;;;;
154;1;Bell;;;;;;
155;1;SKAFF;;;;;;
157;1;redactora;;;;;;
159;1;Revit;;;;;;
160;1;"FR HELMETS";;;;;;
162;1;"BELL HELMETS";;;;;;
163;1;Bueni.es;;;;;;
164;1;"FERVE, S.A.";;;;;;
165;1;Barcelona;;;;;;
167;1;A-SIDER;;;;;;
